label,run,time,clock_hz,total_n,total_cyc,total_sum_cyc,total_us,validate_n,validate_cyc,validate_sum_cyc,validate_us,hash_n,hash_cyc,hash_sum_cyc,hash_us,sig_n,sig_cyc,sig_sum_cyc,sig_us,stack_size,stack_used,result,booted,log
boot_ok,01,2026-09-30T05:43:26,168000000,1,6199452,6199452,36901,1,1968140,1968140,11715,1,1941731,1941731,11557,1,869,869,5,10240,1152,bad_sig,False,boot_ok_run01.log
boot_ok,02,2026-09-30T05:43:27,168000000,1,6199452,6199452,36901,1,1968140,1968140,11715,1,1941731,1941731,11557,1,869,869,5,10240,1152,bad_sig,False,boot_ok_run02.log
boot_ok,03,2026-09-30T05:43:28,168000000,1,6199452,6199452,36901,1,1968140,1968140,11715,1,1941731,1941731,11557,1,869,869,5,10240,1152,bad_sig,False,boot_ok_run03.log
boot_ok,04,2026-09-30T05:43:29,168000000,1,6199452,6199452,36901,1,1968140,1968140,11715,1,1941731,1941731,11557,1,869,869,5,10240,1152,bad_sig,False,boot_ok_run04.log
boot_ok,05,2026-09-30T05:43:30,168000000,1,6199452,6199452,36901,1,1968140,1968140,11715,1,1941731,1941731,11557,1,869,869,5,10240,1152,bad_sig,False,boot_ok_run05.log
boot_ok,06,2026-09-30T05:43:31,168000000,1,6199452,6199452,36901,1,1968140,1968140,11715,1,1941731,1941731,11557,1,869,869,5,10240,1152,bad_sig,False,boot_ok_run06.log
boot_ok,07,2026-09-30T05:43:32,168000000,1,6199452,6199452,36901,1,1968140,1968140,11715,1,1941731,1941731,11557,1,869,869,5,10240,1152,bad_sig,False,boot_ok_run07.log
boot_ok,08,2026-09-30T05:43:33,168000000,1,6199452,6199452,36901,1,1968140,1968140,11715,1,1941731,1941731,11557,1,869,869,5,10240,1152,bad_sig,False,boot_ok_run08.log
boot_ok,09,2026-09-30T05:43:34,168000000,1,6199452,6199452,36901,1,1968140,1968140,11715,1,1941731,1941731,11557,1,869,869,5,10240,1152,bad_sig,False,boot_ok_run09.log
boot_ok,10,2026-09-30T05:43:35,168000000,1,6199452,6199452,36901,1,1968140,1968140,11715,1,1941731,1941731,11557,1,869,869,5,10240,1152,bad_sig,False,boot_ok_run10.log
