boot,run,case,rc,cyc,us,log
1,1,valid,0,8327305,49567,bench_boot1.log
1,2,valid,0,8327339,49567,bench_boot1.log
1,3,valid,0,8328886,49576,bench_boot1.log
1,4,valid,0,8327340,49567,bench_boot1.log
1,5,valid,0,8327313,49567,bench_boot1.log
1,6,valid,0,8328862,49576,bench_boot1.log
1,7,valid,0,8328816,49576,bench_boot1.log
1,8,valid,0,8327346,49567,bench_boot1.log
1,9,valid,0,8328855,49576,bench_boot1.log
1,10,valid,0,8328834,49576,bench_boot1.log
1,1,bad_sig,-1,707634,4212,bench_boot1.log
2,1,valid,0,8327305,49567,bench_boot2.log
2,2,valid,0,8327339,49567,bench_boot2.log
2,3,valid,0,8328886,49576,bench_boot2.log
2,4,valid,0,8327340,49567,bench_boot2.log
2,5,valid,0,8327313,49567,bench_boot2.log
2,6,valid,0,8328862,49576,bench_boot2.log
2,7,valid,0,8328816,49576,bench_boot2.log
2,8,valid,0,8327346,49567,bench_boot2.log
2,9,valid,0,8328855,49576,bench_boot2.log
2,10,valid,0,8328834,49576,bench_boot2.log
2,1,bad_sig,-1,707634,4212,bench_boot2.log
3,1,valid,0,8327305,49567,bench_boot3.log
3,2,valid,0,8327339,49567,bench_boot3.log
3,3,valid,0,8328886,49576,bench_boot3.log
3,4,valid,0,8327340,49567,bench_boot3.log
3,5,valid,0,8327313,49567,bench_boot3.log
3,6,valid,0,8328862,49576,bench_boot3.log
3,7,valid,0,8328816,49576,bench_boot3.log
3,8,valid,0,8327346,49567,bench_boot3.log
3,9,valid,0,8328855,49576,bench_boot3.log
3,10,valid,0,8328834,49576,bench_boot3.log
3,1,bad_sig,-1,707634,4212,bench_boot3.log
