label,run,time,clock_hz,total_n,total_cyc,total_sum_cyc,total_us,validate_n,validate_cyc,validate_sum_cyc,validate_us,hash_n,hash_cyc,hash_sum_cyc,hash_us,sig_n,sig_cyc,sig_sum_cyc,sig_us,result,booted,log
boot_ok,01,2026-09-30T04:10:14,168000000,1,14311303,14311303,85186,1,10674486,10674486,63538,1,1818252,1818252,10822,1,8815930,8815930,52475,ok,True,boot_ok_run01.log
boot_ok,02,2026-09-30T04:10:04,168000000,1,14311303,14311303,85186,1,10674486,10674486,63538,1,1818252,1818252,10822,1,8815930,8815930,52475,ok,True,boot_ok_run02.log
boot_ok,03,2026-09-30T04:10:05,168000000,1,14311303,14311303,85186,1,10674486,10674486,63538,1,1818252,1818252,10822,1,8815930,8815930,52475,ok,True,boot_ok_run03.log
boot_ok,04,2026-09-30T04:10:06,168000000,1,14311303,14311303,85186,1,10674486,10674486,63538,1,1818252,1818252,10822,1,8815930,8815930,52475,ok,True,boot_ok_run04.log
boot_ok,05,2026-09-30T04:10:07,168000000,1,14311303,14311303,85186,1,10674486,10674486,63538,1,1818252,1818252,10822,1,8815930,8815930,52475,ok,True,boot_ok_run05.log
boot_ok,06,2026-09-30T04:10:19,168000000,1,14311303,14311303,85186,1,10674486,10674486,63538,1,1818252,1818252,10822,1,8815930,8815930,52475,ok,True,boot_ok_run06.log
boot_ok,07,2026-09-30T04:10:09,168000000,1,14311303,14311303,85186,1,10674486,10674486,63538,1,1818252,1818252,10822,1,8815930,8815930,52475,ok,True,boot_ok_run07.log
boot_ok,08,2026-09-30T04:10:10,168000000,1,14311303,14311303,85186,1,10674486,10674486,63538,1,1818252,1818252,10822,1,8815930,8815930,52475,ok,True,boot_ok_run08.log
boot_ok,09,2026-09-30T04:10:11,168000000,1,14311303,14311303,85186,1,10674486,10674486,63538,1,1818252,1818252,10822,1,8815930,8815930,52475,ok,True,boot_ok_run09.log
boot_ok,10,2026-09-30T04:10:12,168000000,1,14311303,14311303,85186,1,10674486,10674486,63538,1,1818252,1818252,10822,1,8815930,8815930,52475,ok,True,boot_ok_run10.log
