conf,description,runs,validate_cyc,validate_cyc_stdev,validate_ms,hash_cyc,hash_cyc_stdev,hash_ms,sig_cyc,sig_cyc_stdev,sig_ms,total_cyc,total_cyc_stdev,total_ms,stack_used,valid_booted,valid_result,works,reject_bad_payload,reject_bad_sig,reject_bad_key,boot_flash_bytes,boot_ram_bytes,measure_flash_bytes,pubkey_bytes,sig_tlv,sig_bytes,tlv_area_bytes,payload_bytes
ecdsa_p256,"ECDSA P-256, TinyCrypt (default)",10,19307839,0.0,114.928,1651091,0.0,9.828,17637474,0.0,104.985,22925683,0.0,136.462,1400,10/10,ok,True,hash_mismatch,bad_sig,no_key,31116,18240,31828,91,ECDSA_SIG,71,151,17456
ecdsa_p256_psa_fix,"ECDSA P-256, PSA API + config workaround (enable Mbed TLS/PSA core explicitly)",10,1968140,0.0,11.715,1941731,0.0,11.558,869,0.0,0.005,6199452,0.0,36.901,1152,0/10,bad_sig,False,hash_mismatch,bad_sig,no_key,48020,20096,48732,91,ECDSA_SIG,71,151,17456
ed25519,"Ed25519 over SHA-256 image hash, TinyCrypt (default)",10,5724140,0.0,34.072,1669644,0.0,9.938,4040420,0.0,24.05,9346396,0.0,55.633,4028,10/10,ok,True,hash_mismatch,bad_sig,no_key,42232,18240,42944,44,ED25519,64,144,17456
ed25519_psa_fix,"Ed25519 over SHA-256 image hash, PSA API + config workaround (enable Mbed TLS/PSA core explicitly)",10,2446393,0.0,14.562,1942074,0.0,11.56,485024,0.0,2.887,6702444,0.0,39.895,1344,0/10,bad_sig,False,hash_mismatch,bad_sig,no_key,43656,21184,44368,44,ED25519,64,144,17456
ed25519_pure,"Ed25519 pure (signature over the whole image), TinyCrypt",10,5814,0.0,0.035,,,,,,,4257392,0.0,25.342,472,0/10,other,False,other,other,other,42092,18240,42780,44,ED25519,64,213,17456
ed25519_pure_psa_fix,"Ed25519 pure (signature over the whole image), PSA API + config workaround (enable Mbed TLS/PSA core explicitly)",10,5911,0.0,0.035,,,,,,,4261771,0.0,25.368,1344,0/10,other,False,other,other,other,43468,21184,44156,44,ED25519,64,213,17456
ed25519_sha512,"Ed25519 over SHA-512 image hash, TinyCrypt",10,6959050,0.0,41.423,2864994,0.0,17.054,4063598,0.0,24.188,10575496,0.0,62.949,4060,10/10,ok,True,hash_mismatch,bad_sig,no_key,41184,18240,41896,44,ED25519,64,208,17456
none,No signature: SHA-256 hash check only (TinyCrypt),10,1673540,0.0,9.962,1670229,0.0,9.942,,,,5289985,0.0,31.488,680,10/10,ok,True,hash_mismatch,,,26456,18240,27128,,,0,40,17456
rsa2048,"RSA-2048, TF-PSA-Crypto legacy (default for Mbed TLS 4.x)",10,10677455,0.0,63.556,1818644,0.0,10.825,8818448,0.0,52.491,14320091,0.0,85.239,2616,10/10,ok,True,hash_mismatch,bad_sig,no_key,37272,33664,37976,270,RSA2048_PSS,256,336,17456
rsa2048_psa,"RSA-2048, PSA API",10,10989302,0.0,65.413,1925753,0.0,11.463,9018493,0.0,53.682,14607192,0.0,86.948,2336,10/10,ok,True,hash_mismatch,bad_sig,no_key,43464,27328,44168,270,RSA2048_PSS,256,336,17456
rsa3072,"RSA-3072, TF-PSA-Crypto legacy (default for Mbed TLS 4.x)",10,19342080,0.0,115.131,1818923,0.0,10.827,17470170,0.0,103.989,23019704,0.0,137.022,2872,10/10,ok,True,hash_mismatch,bad_sig,no_key,37404,39552,38104,398,RSA3072_PSS,384,464,17456
rsa3072_psa,"RSA-3072, PSA API",10,2158452,0.0,12.848,1925262,0.0,11.46,174847,0.0,1.041,6387532,0.0,38.021,2376,0/10,bad_sig,False,hash_mismatch,bad_sig,no_key,43592,27328,44292,398,RSA3072_PSS,384,464,17456
